"id","context","question","answer"
"article_56m-funding","ХасБанк ОУ-ын санхүүгийн байгууллагуудаас 55.7 сая ам.долларын санхүүжилт авлаа","ХасБанк ОУ-ын санхүүгийн байгууллагуудаас 55.7 сая ам.долларын санхүүжилт авлаа","Амар зээл Бага дүнтэй гэнэтийн мөнгөний хэрэгцээг аймар амархан шийднэ. Бага дүнтэй гэнэтийн мөнгөний хэрэгцээг аймар амархан шийднэ.  Дэлгэрэнгүй Мобайл Банк Үйлчилгээ 2.0 Банк хоорондын гүйлгээгээ хийгээрэй. Банк хоорондын гүйлгээгээ хийгээрэй.  Дэлгэрэнгүй Хасын Хүлэгүүд Лимитед Виза карт Лимитед Виза карт  Дэлгэрэнгүй ХасБанк бичил, жижиг, дунд бизнес эрхлэгчид болон байгаль орчинд ээлтэй бизнес, эрчим хүчний хэмнэлттэй хэрэглээг дэмжих зорилгоор Германы хөрөнгө оруулалт, хөгжлийн корпораци (DEG)-аас30 сая ам.доллар, responsAbility хөгжлийн санхүүгийн байгууллагаас20.7 сая ам.доллар, АНУ-ын Developing World Markets (DWM) санхүүгийн байгууллагаас5 сая ам.долларбуюунийт 55.7 сая ам.долларынсанхүүжилтыг амжилттай татлаа. Уг санхүүжилтнь бичил, жижиг, дунд бизнесүүд тэр дундаа эмэгтэй бизнес эрхлэгчдийг дэмжих, мөн уур амьсгалын өөрчлөлтийг сааруулах, хүлэмжийн хийн ялгарлыг бууруулахад эерэг нөлөөтэйногоон бизнес, байгаль орчинд ээлтэй төсөл хөтөлбөрүүдийг дэмжихэд зарцуулагдана. ХасБанк санхүүгийн хүртээмжтэй байдлыг нэмэгдүүлэхэд үргэлж анхаарч, бүтээгдэхүүн үйлчилгээгээ үүнд чиглүүлж ирсэн бөгөөд бичил, жижиг дунд бизнес эрхлэгчдэд зээлийн хүсэлтээ онлайнаар илгээн шийдвэрлүүлэх, эмэгтэй бизнес эрхлэгчдэд илүү хөнгөлөлттэй нөхцөлийг санал болгох зэрэг олон шинэлэг үйлчилгээнүүдийг нэвтрүүлэн ажиллаж байна. Түүнчлэн, бид байгальд ээлтэй санаачилга, ногоон бизнес, эрчим хүчний хэмнэлттэй хэрэглээг тууштай дэмжин, тогтвортой санхүүжүүлсний үр дүнд 2024 оны байдлаар 2.5 сая тонн CO2-той тэнцэх хэмжээний хүлэмжийн хийн ялгарлыг бууруулаад байна.  Германы хөрөнгө оруулалт, хөгжлийн корпораци (DEG)-ын тухай: DEG нь Герман улсын төрийн өмчит санхүүгийн байгууллага бөгөөд хөгжиж буй болон дунд орлоготой орнуудад хувийн хэвшил, бизнесийн өсөлт, тогтвортой хөгжлийг дэмжих зорилгоор хөдөө аж ахуй, сэргээгдэх эрчим хүч, усны хангамж, боловсрол, эрүүл мэнд гэх мэт төслүүдэд хөрөнгө оруулалт хийдэг. responsAbility (rA) хөгжлийн санхүүгийн байгууллагын тухай: ResponsAbility хөгжиж буй зах зээлд хөрөнгө оруулалт хийж, нийгмийн хариуцлага, тогтвортой хөгжилд анхаарал хандуулдаг олон улсын хөгжлийн санхүүгийн байгууллага юм. Энэ байгууллага нь жижиг, дунд бизнесүүд, ногоон эдийн засаг болон нийгэмд эерэг нөлөө үзүүлэх төслүүдэд хөрөнгө оруулалт хийж, тэдний тогтвортой хөгжлийг дэмжихэд чиглэсэн санхүүгийн бүтээгдэхүүнүүдийг санал болгодог. Developing World Markets (DWM) санхүүгийн байгууллагын тухай: Developing World Markets (DWM) нь хөгжиж буй зах зээлд үйл ажиллагаа явуулдаг жижиг, дунд бизнесүүдийг санхүүжүүлж, эдийн засгийн тогтвортой өсөлтийг дэмжих зорилготой санхүүгийн байгууллага юм. DWM нь хувийн хэвшлийн хөрөнгө оруулалт, хөгжлийн санхүүжилтийг бэлтгэх, санхүүгийн хэрэгцээг дэмжих замаар нийгмийн хариуцлагатай, тогтвортой бизнесийн шийдлүүдийг дэмждэг.  1800-1888,75771888 info@xacbank.mn © 2001-2024. ХасБанк Бүтээгдэхүүн Картын бүтээгдэхүүн Зээлийн үйлчилгээ Хадгаламж Хадгаламжийн хайрцаг Цахим банк Интернэт Банк ХасБанк аппликейшн XacИнфо үйлчилгээ Мобайл Банк 2.0 Банкны тухай ХасБанкны тухай Аюулгүй байдал Нээлттэй ажлын байр Тендер, сонгон шалгаруулалт Тусламж Онлайн туслах АТМ, Салбаруудын байршил Тооцоолуур Холбоо барих"
"article_56m-funding-en","XacBank raised 55.7 million US dollars from the development financial institutions","XacBank raised 55.7 million US dollars from the development financial institutions","Амар зээл Бага дүнтэй гэнэтийн мөнгөний хэрэгцээг аймар амархан шийднэ. Бага дүнтэй гэнэтийн мөнгөний хэрэгцээг аймар амархан шийднэ.  Дэлгэрэнгүй Мобайл Банк Үйлчилгээ 2.0 Банк хоорондын гүйлгээгээ хийгээрэй. Банк хоорондын гүйлгээгээ хийгээрэй.  Дэлгэрэнгүй Хасын Хүлэгүүд Лимитед Виза карт Лимитед Виза карт  Дэлгэрэнгүй Xacbank successfully raised a total of USD 55.7 million consists of USD 30 million from the German Investment Corporation (DEG), USD 20.7 million from the responsAbility (rA), and USD 5 million from Developing World Markets (DWM). The funding will be used to finance micro, small, and medium businesses, women-owned businesses in particular, as well as to support green business and environmentally friendly projects that have a positive effect on mitigating climate change and reducing greenhouse gas emissions. XacBank has always invested its exertion to improve financial accessibility by developing products and services that make banking services more convenient. Investment of our effort resulted many innovative services such as sending and processing credit requests online for micro and small and medium businesses, and offering more favorable terms to women owned businesses. In addition, XacBank has reduced greenhouse gas emissions by 2.5 million tons of CO2 by 2024 as a result of our consistent support and sustainable financing of environmentally friendly initiatives, green businesses, and energy efficient technologies.  About the German Investment Corporation (DEG): DEG is a German state-owned financial institution that invests in projects in support of social awareness, agriculture, renewable energy, water supply, education, health, etc. to support private sector and business growth and sustainable development in emerging markets. About responsAbility (rA) development finance institution: ResponsAbility is an internationally recognized development finance institution that invests in emerging markets and focuses on social responsibility and sustainability. This organization offers financial products aimed at supporting the sustainable development of small and medium-sized businesses by investing in projects that have a positive impact on the green economy and society. About the Developing World Markets (DWM) financial institution: Developing World Markets (DWM) is a financial institution dedicated to financing small and medium-sized businesses operating in developing markets and promoting resilient economic growth. DWM promotes socially responsible and sustainable business solutions by mobilizing private sector investment and development financing and supporting financial needs.  1800-1888,75771888 info@xacbank.mn © 2001-2024. ХасБанк Бүтээгдэхүүн Картын бүтээгдэхүүн Зээлийн үйлчилгээ Хадгаламж Хадгаламжийн хайрцаг Цахим банк Интернэт Банк ХасБанк аппликейшн XacИнфо үйлчилгээ Мобайл Банк 2.0 Банкны тухай ХасБанкны тухай Аюулгүй байдал Нээлттэй ажлын байр Тендер, сонгон шалгаруулалт Тусламж Онлайн туслах АТМ, Салбаруудын байршил Тооцоолуур Холбоо барих"
"article_56m-funding?lang=mn","ХасБанк ОУ-ын санхүүгийн байгууллагуудаас 55.7 сая ам.долларын санхүүжилт авлаа","ХасБанк ОУ-ын санхүүгийн байгууллагуудаас 55.7 сая ам.долларын санхүүжилт авлаа","Амар зээл Бага дүнтэй гэнэтийн мөнгөний хэрэгцээг аймар амархан шийднэ. Бага дүнтэй гэнэтийн мөнгөний хэрэгцээг аймар амархан шийднэ.  Дэлгэрэнгүй Мобайл Банк Үйлчилгээ 2.0 Банк хоорондын гүйлгээгээ хийгээрэй. Банк хоорондын гүйлгээгээ хийгээрэй.  Дэлгэрэнгүй Хасын Хүлэгүүд Лимитед Виза карт Лимитед Виза карт  Дэлгэрэнгүй ХасБанк бичил, жижиг, дунд бизнес эрхлэгчид болон байгаль орчинд ээлтэй бизнес, эрчим хүчний хэмнэлттэй хэрэглээг дэмжих зорилгоор Германы хөрөнгө оруулалт, хөгжлийн корпораци (DEG)-аас30 сая ам.доллар, responsAbility хөгжлийн санхүүгийн байгууллагаас20.7 сая ам.доллар, АНУ-ын Developing World Markets (DWM) санхүүгийн байгууллагаас5 сая ам.долларбуюунийт 55.7 сая ам.долларынсанхүүжилтыг амжилттай татлаа. Уг санхүүжилтнь бичил, жижиг, дунд бизнесүүд тэр дундаа эмэгтэй бизнес эрхлэгчдийг дэмжих, мөн уур амьсгалын өөрчлөлтийг сааруулах, хүлэмжийн хийн ялгарлыг бууруулахад эерэг нөлөөтэйногоон бизнес, байгаль орчинд ээлтэй төсөл хөтөлбөрүүдийг дэмжихэд зарцуулагдана. ХасБанк санхүүгийн хүртээмжтэй байдлыг нэмэгдүүлэхэд үргэлж анхаарч, бүтээгдэхүүн үйлчилгээгээ үүнд чиглүүлж ирсэн бөгөөд бичил, жижиг дунд бизнес эрхлэгчдэд зээлийн хүсэлтээ онлайнаар илгээн шийдвэрлүүлэх, эмэгтэй бизнес эрхлэгчдэд илүү хөнгөлөлттэй нөхцөлийг санал болгох зэрэг олон шинэлэг үйлчилгээнүүдийг нэвтрүүлэн ажиллаж байна. Түүнчлэн, бид байгальд ээлтэй санаачилга, ногоон бизнес, эрчим хүчний хэмнэлттэй хэрэглээг тууштай дэмжин, тогтвортой санхүүжүүлсний үр дүнд 2024 оны байдлаар 2.5 сая тонн CO2-той тэнцэх хэмжээний хүлэмжийн хийн ялгарлыг бууруулаад байна.  Германы хөрөнгө оруулалт, хөгжлийн корпораци (DEG)-ын тухай: DEG нь Герман улсын төрийн өмчит санхүүгийн байгууллага бөгөөд хөгжиж буй болон дунд орлоготой орнуудад хувийн хэвшил, бизнесийн өсөлт, тогтвортой хөгжлийг дэмжих зорилгоор хөдөө аж ахуй, сэргээгдэх эрчим хүч, усны хангамж, боловсрол, эрүүл мэнд гэх мэт төслүүдэд хөрөнгө оруулалт хийдэг. responsAbility (rA) хөгжлийн санхүүгийн байгууллагын тухай: ResponsAbility хөгжиж буй зах зээлд хөрөнгө оруулалт хийж, нийгмийн хариуцлага, тогтвортой хөгжилд анхаарал хандуулдаг олон улсын хөгжлийн санхүүгийн байгууллага юм. Энэ байгууллага нь жижиг, дунд бизнесүүд, ногоон эдийн засаг болон нийгэмд эерэг нөлөө үзүүлэх төслүүдэд хөрөнгө оруулалт хийж, тэдний тогтвортой хөгжлийг дэмжихэд чиглэсэн санхүүгийн бүтээгдэхүүнүүдийг санал болгодог. Developing World Markets (DWM) санхүүгийн байгууллагын тухай: Developing World Markets (DWM) нь хөгжиж буй зах зээлд үйл ажиллагаа явуулдаг жижиг, дунд бизнесүүдийг санхүүжүүлж, эдийн засгийн тогтвортой өсөлтийг дэмжих зорилготой санхүүгийн байгууллага юм. DWM нь хувийн хэвшлийн хөрөнгө оруулалт, хөгжлийн санхүүжилтийг бэлтгэх, санхүүгийн хэрэгцээг дэмжих замаар нийгмийн хариуцлагатай, тогтвортой бизнесийн шийдлүүдийг дэмждэг.  1800-1888,75771888 info@xacbank.mn © 2001-2024. ХасБанк Бүтээгдэхүүн Картын бүтээгдэхүүн Зээлийн үйлчилгээ Хадгаламж Хадгаламжийн хайрцаг Цахим банк Интернэт Банк ХасБанк аппликейшн XacИнфо үйлчилгээ Мобайл Банк 2.0 Банкны тухай ХасБанкны тухай Аюулгүй байдал Нээлттэй ажлын байр Тендер, сонгон шалгаруулалт Тусламж Онлайн туслах АТМ, Салбаруудын байршил Тооцоолуур Холбоо барих"
"article_agm-2024-announce","ХАСБАНК ХК-ИЙН ХУВЬЦАА ЭЗЭМШИГЧДИЙН  ЭЭЛЖИТ ХУРЛЫН ЗАРЛАЛ","ХАСБАНК ХК-ИЙН ХУВЬЦАА ЭЗЭМШИГЧДИЙН  ЭЭЛЖИТ ХУРЛЫН ЗАРЛАЛ","Амар зээл Бага дүнтэй гэнэтийн мөнгөний хэрэгцээг аймар амархан шийднэ. Бага дүнтэй гэнэтийн мөнгөний хэрэгцээг аймар амархан шийднэ.  Дэлгэрэнгүй Мобайл Банк Үйлчилгээ 2.0 Банк хоорондын гүйлгээгээ хийгээрэй. Банк хоорондын гүйлгээгээ хийгээрэй.  Дэлгэрэнгүй Хасын Хүлэгүүд Лимитед Виза карт Лимитед Виза карт  Дэлгэрэнгүй ХасБанк ХК-ийн Төлөөлөн удирдах зөвлөлийн 2024 оны 3 дугаар сарын 15-ны өдрийн R-2024-20 дугаар тогтоолын дагуу Компанийн тухай хуулийн 59 дүгээр зүйлийн 59.4 дэх хэсгийг үндэслэн, хувьцаа эзэмшигчдийн 2024 оны ээлжит хурлыг үүгээр зарлаж байна. Компанийн нэр, байршил:ХасБанк ХК, Улаанбаатар хот, Сүхбаатар дүүрэг, Ерөнхий Сайд Амарын гудамж, ХасБанкны Төв Байр, ШХ 20A, 72 Хурал болох өдөр, цаг, газар:2024 оны 4 дүгээр сарын 29-ний өдрийн 9:00 цагт (Улаанбаатар хотын цагаар) Монгол Улс, Улаанбаатар хот, Сүхбаатар дүүрэг, 1 дүгээр хороо, Олимпын гудамж -19 хаягт байрлах Шангри-Ла Зочид буудлын их танхимд хосолсон (танхим болон цахим) хэлбэрээр зохион байгуулагдана. Хуралд оролцох эрхтэй хувьцаа эзэмшигчдийн нэрсийн жагсаалт гаргах бүртгэлийн өдөр:2024 оны 4 дүгээр сарын 09-ний өдөр Хурлаар хэлэлцэх асуудлууд: 1.ТУЗ-ийн хараат бус гишүүдийн тайлан. Хувьцаа эзэмшигч та хурлын материалуудтай танилцах бол 2024 оны 3 дугаар сарын 25-ны өдрөөс эхлэн банкны цахим хуудсанд (www.xacbank.mn) болон ажлын өдрүүдэд өөрт ойр үнэт цаасны брокер, дилерийн компаниудад 10:00-17:00 цагийн хооронд хандах боломжтой. Хуралд оролцох боломжгүй хувьцаа эзэмшигч нь өөрийн саналыг 2024 оны 4 дүгээр сарын 15-ны өдрөөс эхлэн 2024 оны 4 дүгээр сарын 23-ны өдрийн 16:00 цаг хүртэл хугацаанд брокер, дилерийн компаниар дамжуулан, эсхүл ХасБанкны нийт салбар, тооцооны төвөөр дамжуулан өгөх боломжтой. Саналаа цахимаар өгөхөөр төлөвлөж буй хувьцаа эзэмшигч нь хурал эхлэх хүртэл буюу 2024 оны 4 дүгээр сарын 29-ний өдрийн 9:00 цаг хүртэл хугацаанд санал өгөх боломжтой. Холбоо барих: Утас: +(976)-8508-1888 Цахим шуудангийн хаяг:investor-relations@xacbank.mn Ажиллах цагийн хуваарь: ажлын өдрүүдэд 10:00-17:00 цагийн хооронд.  2024 оны 3 дугаар сарын 20-ны өдөр ЗОХИОН БАЙГУУЛАХ КОМИСС  1800-1888,75771888 info@xacbank.mn © 2001-2024. ХасБанк Бүтээгдэхүүн Картын бүтээгдэхүүн Зээлийн үйлчилгээ Хадгаламж Хадгаламжийн хайрцаг Цахим банк Интернэт Банк ХасБанк аппликейшн XacИнфо үйлчилгээ Мобайл Банк 2.0 Банкны тухай ХасБанкны тухай Аюулгүй байдал Нээлттэй ажлын байр Тендер, сонгон шалгаруулалт Тусламж Онлайн туслах АТМ, Салбаруудын байршил Тооцоолуур Холбоо барих"
"article_announcement-of-extraordinary-general-meeting-of-xacbank-shareholders","Announcement of extraordinary general meeting of XacBank shareholders","Announcement of extraordinary general meeting of XacBank shareholders","Амар зээл Бага дүнтэй гэнэтийн мөнгөний хэрэгцээг аймар амархан шийднэ. Бага дүнтэй гэнэтийн мөнгөний хэрэгцээг аймар амархан шийднэ.  Дэлгэрэнгүй Мобайл Банк Үйлчилгээ 2.0 Банк хоорондын гүйлгээгээ хийгээрэй. Банк хоорондын гүйлгээгээ хийгээрэй.  Дэлгэрэнгүй Хасын Хүлэгүүд Лимитед Виза карт Лимитед Виза карт  Дэлгэрэнгүй   1800-1888,75771888 info@xacbank.mn © 2001-2024. ХасБанк Бүтээгдэхүүн Картын бүтээгдэхүүн Зээлийн үйлчилгээ Хадгаламж Хадгаламжийн хайрцаг Цахим банк Интернэт Банк ХасБанк аппликейшн XacИнфо үйлчилгээ Мобайл Банк 2.0 Банкны тухай ХасБанкны тухай Аюулгүй байдал Нээлттэй ажлын байр Тендер, сонгон шалгаруулалт Тусламж Онлайн туслах АТМ, Салбаруудын байршил Тооцоолуур Холбоо барих"
"article_announcement-of-extraordinary-general-meeting-of-xacbank-shareholders-2","Announcement of extraordinary general meeting of XacBank shareholders","Announcement of extraordinary general meeting of XacBank shareholders","Амар зээл Бага дүнтэй гэнэтийн мөнгөний хэрэгцээг аймар амархан шийднэ. Бага дүнтэй гэнэтийн мөнгөний хэрэгцээг аймар амархан шийднэ.  Дэлгэрэнгүй Мобайл Банк Үйлчилгээ 2.0 Банк хоорондын гүйлгээгээ хийгээрэй. Банк хоорондын гүйлгээгээ хийгээрэй.  Дэлгэрэнгүй Хасын Хүлэгүүд Лимитед Виза карт Лимитед Виза карт  Дэлгэрэнгүй   1800-1888,75771888 info@xacbank.mn © 2001-2024. ХасБанк Бүтээгдэхүүн Картын бүтээгдэхүүн Зээлийн үйлчилгээ Хадгаламж Хадгаламжийн хайрцаг Цахим банк Интернэт Банк ХасБанк аппликейшн XacИнфо үйлчилгээ Мобайл Банк 2.0 Банкны тухай ХасБанкны тухай Аюулгүй байдал Нээлттэй ажлын байр Тендер, сонгон шалгаруулалт Тусламж Онлайн туслах АТМ, Салбаруудын байршил Тооцоолуур Холбоо барих"
"article_announcement-of-the-extraordinary-general-meeting-of-xacbank-jsc-shareholders","Announcement of the extraordinary general meeting of XacBank JSC shareholders","Announcement of the extraordinary general meeting of XacBank JSC shareholders","Амар зээл Бага дүнтэй гэнэтийн мөнгөний хэрэгцээг аймар амархан шийднэ. Бага дүнтэй гэнэтийн мөнгөний хэрэгцээг аймар амархан шийднэ.  Дэлгэрэнгүй Мобайл Банк Үйлчилгээ 2.0 Банк хоорондын гүйлгээгээ хийгээрэй. Банк хоорондын гүйлгээгээ хийгээрэй.  Дэлгэрэнгүй Хасын Хүлэгүүд Лимитед Виза карт Лимитед Виза карт  Дэлгэрэнгүй   1800-1888,75771888 info@xacbank.mn © 2001-2024. ХасБанк Бүтээгдэхүүн Картын бүтээгдэхүүн Зээлийн үйлчилгээ Хадгаламж Хадгаламжийн хайрцаг Цахим банк Интернэт Банк ХасБанк аппликейшн XacИнфо үйлчилгээ Мобайл Банк 2.0 Банкны тухай ХасБанкны тухай Аюулгүй байдал Нээлттэй ажлын байр Тендер, сонгон шалгаруулалт Тусламж Онлайн туслах АТМ, Салбаруудын байршил Тооцоолуур Холбоо барих"
"article_banking-law-ipo-en","XacBank welcomes the new Banking Regulation concerning Initial Public offering","XacBank welcomes the new Banking Regulation concerning Initial Public offering","Амар зээл Бага дүнтэй гэнэтийн мөнгөний хэрэгцээг аймар амархан шийднэ. Бага дүнтэй гэнэтийн мөнгөний хэрэгцээг аймар амархан шийднэ.  Дэлгэрэнгүй Мобайл Банк Үйлчилгээ 2.0 Банк хоорондын гүйлгээгээ хийгээрэй. Банк хоорондын гүйлгээгээ хийгээрэй.  Дэлгэрэнгүй Хасын Хүлэгүүд Лимитед Виза карт Лимитед Виза карт  Дэлгэрэнгүй ULAANBAATAR, MONGOLIA, 03 February 2021– Board of Directors of XacBank LLC (“XacBank”), a leading systemic commercial bank, welcomed the change to the Banking Regulations requiring public listing of the bank on the Mongolian Stock Exchange. This will give Mongolian citizens an opportunity to purchase XacBank shares directly in an open and transparent manner and be part of the growth story of XacBank. XacBank will make further announcements in relation to its initial public offering in consultation with Bank of Mongolia, Financial Regulatory Commission and other relevant authorities. This press release shall not constitute an offer to sell or the solicitation of an offer to buy these securities, nor shall there be any sale of these securities in any state or jurisdiction in which such offer, solicitation or sale would be unlawful prior to registration or qualification under the securities laws of any such state or jurisdiction. About XacBank XacBank is one of the major banks in Mongolia offering diversified financial services with innovative products and best-in-class service through its network of 86 branches across the country. Since its inception, the Bank has continued to be a champion at attracting foreign investment into Mongolia including by sourcing over USD 1 billion in the form of loans from 30 different international lenders. The Bank has been a leader in supporting growth of Mongolian micro, small and medium enterprises and in delivering comprehensive and inclusive financial services for the long-term growth of its clients and the community.  1800-1888,75771888 info@xacbank.mn © 2001-2024. ХасБанк Бүтээгдэхүүн Картын бүтээгдэхүүн Зээлийн үйлчилгээ Хадгаламж Хадгаламжийн хайрцаг Цахим банк Интернэт Банк ХасБанк аппликейшн XacИнфо үйлчилгээ Мобайл Банк 2.0 Банкны тухай ХасБанкны тухай Аюулгүй байдал Нээлттэй ажлын байр Тендер, сонгон шалгаруулалт Тусламж Онлайн туслах АТМ, Салбаруудын байршил Тооцоолуур Холбоо барих"
"article_dividend-0202-en","“XacBank” JSC has distributed MNT 15.5 billion in dividends to its shareholders from the net profit for the first half of 2023","“XacBank” JSC has distributed MNT 15.5 billion in dividends to its shareholders from the net profit for the first half of 2023","Амар зээл Бага дүнтэй гэнэтийн мөнгөний хэрэгцээг аймар амархан шийднэ. Бага дүнтэй гэнэтийн мөнгөний хэрэгцээг аймар амархан шийднэ.  Дэлгэрэнгүй Мобайл Банк Үйлчилгээ 2.0 Банк хоорондын гүйлгээгээ хийгээрэй. Банк хоорондын гүйлгээгээ хийгээрэй.  Дэлгэрэнгүй Хасын Хүлэгүүд Лимитед Виза карт Лимитед Виза карт  Дэлгэрэнгүй Pursuant to the Board of Directors’ Resolution regarding the holding of an extraordinary general meeting of shareholders via ballot voting, the ballot voting took place from December 20, 2023 to February 02, 2024. The declaration and distribution of dividend from the net profit for the first half of 2023 was approved with 99.9% of the voting shares of XacBank in favor. As a result of this decision, a total of MNT 15.5 billion, in the amount of MNT 14.75 per share, has been credited to the respective accounts of shareholders held at the ""Mongolian Central Securities Depository"". Furthermore, the record date for registering shareholders entitled to receive such dividend was set on January 02, 2024 by the ballot voting. Shareholders are advised to contact their broker and dealer companies for inquiries regarding the distributed dividend. XacBank extends its appreciation to all investors for their continued confidence and support. Thank you.  1800-1888,75771888 info@xacbank.mn © 2001-2024. ХасБанк Бүтээгдэхүүн Картын бүтээгдэхүүн Зээлийн үйлчилгээ Хадгаламж Хадгаламжийн хайрцаг Цахим банк Интернэт Банк ХасБанк аппликейшн XacИнфо үйлчилгээ Мобайл Банк 2.0 Банкны тухай ХасБанкны тухай Аюулгүй байдал Нээлттэй ажлын байр Тендер, сонгон шалгаруулалт Тусламж Онлайн туслах АТМ, Салбаруудын байршил Тооцоолуур Холбоо барих"
"article_dividend-0909-pr","“ХасБанк” ХК 2024 оны эхний хагас жилийн цэвэр ашгаас 18.9 тэрбум төгрөгийн ногдол ашгийг хувьцаа эзэмшигчдэдээ хуваариллаа","“ХасБанк” ХК 2024 оны эхний хагас жилийн цэвэр ашгаас 18.9 тэрбум төгрөгийн ногдол ашгийг хувьцаа эзэмшигчдэдээ хуваариллаа","Амар зээл Бага дүнтэй гэнэтийн мөнгөний хэрэгцээг аймар амархан шийднэ. Бага дүнтэй гэнэтийн мөнгөний хэрэгцээг аймар амархан шийднэ.  Дэлгэрэнгүй Мобайл Банк Үйлчилгээ 2.0 Банк хоорондын гүйлгээгээ хийгээрэй. Банк хоорондын гүйлгээгээ хийгээрэй.  Дэлгэрэнгүй Хасын Хүлэгүүд Лимитед Виза карт Лимитед Виза карт  Дэлгэрэнгүй ХасБанкны хувьцаа эзэмшигчдийн ээлжит бус хурлыг эчнээ санал хураалт хэлбэрээр явуулах тухай ТУЗ-ийн тогтоолын дагуу 2024 оны 7 дугаар сарын 25-ны өдрөөс 2024 оны 9 дүгээр сарын 04-ний өдрийг дуустал хугацаанд санал хураалт үргэлжилж, саналын эрхтэй хувьцаа эзэмшигчдийн 99.99%-ийн саналаар ХасБанкны 2024 оны эхний хагас жилийн цэвэр ашгаас нэгж хувьцаанд 18 төгрөг, нийт 18.9 тэрбум төгрөгийн ногдол ашиг хуваарилахаар шийдвэрлэлээ. Шийдвэрийн дагуу хувьцаа эзэмшигчдийн ногдол ашгийг татвар суутгасны дараах дүнгээр “Үнэт цаасны төвлөрсөн хадгаламжийн төв” дэх дансанд байршууллаа. ХасБанк ХК нь нээлттэй хувьцаат компани болсноос хойш хагас жил тутам тогтвортой ногдол ашиг тараах бодлогыг хэрэгжүүлж байна. Эчнээ санал хураалтаар ногдол ашиг авах эрхтэй хувьцаа эзэмшигчдийг тодорхойлох бүртгэлийн өдрийг 2024 оны 08 дугаар сарын 08-ны өдрөөр тогтоосон бөгөөд хувьцаа эзэмшигч та өөрийн үйлчлүүлдэг брокер, дилерийн компанид хандаж, ногдол ашгийн талаарх мэдээлэл авна уу. Брокер, дилерийн компаниудын мэдээллийгЭНД ДАРЖавна уу. Хөрөнгө оруулагч та бүхэнд баярлалаа. Холбоо барих: Утас: +(976)-8508-1888 Цахим шуудангийн хаяг:investor-relations@xacbank.mn Ажиллах цагийн хуваарь: ажлын өдрүүдэд 10:00-17:00 цагийн хооронд  1800-1888,75771888 info@xacbank.mn © 2001-2024. ХасБанк Бүтээгдэхүүн Картын бүтээгдэхүүн Зээлийн үйлчилгээ Хадгаламж Хадгаламжийн хайрцаг Цахим банк Интернэт Банк ХасБанк аппликейшн XacИнфо үйлчилгээ Мобайл Банк 2.0 Банкны тухай ХасБанкны тухай Аюулгүй байдал Нээлттэй ажлын байр Тендер, сонгон шалгаруулалт Тусламж Онлайн туслах АТМ, Салбаруудын байршил Тооцоолуур Холбоо барих"
"article_dividend-2024h1","""XacBank"" JSC distributed a dividend of MNT 18.9 billion from the Bank’s earnings for the first half of the year 2024 to its shareholders","""XacBank"" JSC distributed a dividend of MNT 18.9 billion from the Bank’s earnings for the first half of the year 2024 to its shareholders","Амар зээл Бага дүнтэй гэнэтийн мөнгөний хэрэгцээг аймар амархан шийднэ. Бага дүнтэй гэнэтийн мөнгөний хэрэгцээг аймар амархан шийднэ.  Дэлгэрэнгүй Мобайл Банк Үйлчилгээ 2.0 Банк хоорондын гүйлгээгээ хийгээрэй. Банк хоорондын гүйлгээгээ хийгээрэй.  Дэлгэрэнгүй Хасын Хүлэгүүд Лимитед Виза карт Лимитед Виза карт  Дэлгэрэнгүй In accordance with the resolution of the Board of Directors of XacBank JSC (the “Bank”), the extraordinary general meeting (the ”EGM”) of shareholders of the Bank was organized through online ballot voting between 25 July 2024 and 4 September 2024. Following the EGM, 99.99% of the shareholders with voting rights who participated in the EGM have approved to declare and distribute interim dividends from the Bank’s earnings for the first half of the year 2024 in the total gross amount of MNT 18,948,600,000.00 by a declaration of dividend in the amount of MNT 18.00 per share. Pursuant to the decision of the shareholders, the interim dividends were disbursed via Mongolian Central Securities Depository into the shareholders' accounts on after-tax basis. Since becoming an open joint-stock company, the Bank has established a consistent policy of distributing dividends on a semi-annual basis. The record date to determine shareholders entitled to receive interim dividends was set on 8 August 2024. Therefore, the shareholders are encouraged to contact their respective brokerage companies for further information regarding their dividends. To access the list of brokerage companies, pleaseCLICK HERE.  We extend our gratitude to all our valued investors.  Contact Information: Working hours: Between 10:00 and 17:00 on working days  1800-1888,75771888 info@xacbank.mn © 2001-2024. ХасБанк Бүтээгдэхүүн Картын бүтээгдэхүүн Зээлийн үйлчилгээ Хадгаламж Хадгаламжийн хайрцаг Цахим банк Интернэт Банк ХасБанк аппликейшн XacИнфо үйлчилгээ Мобайл Банк 2.0 Банкны тухай ХасБанкны тухай Аюулгүй байдал Нээлттэй ажлын байр Тендер, сонгон шалгаруулалт Тусламж Онлайн туслах АТМ, Салбаруудын байршил Тооцоолуур Холбоо барих"
"article_dividend-declaration","Dividend declaration by “XacBank” JSC based on the net profit for the first half of 2023","Dividend declaration by “XacBank” JSC based on the net profit for the first half of 2023","Амар зээл Бага дүнтэй гэнэтийн мөнгөний хэрэгцээг аймар амархан шийднэ. Бага дүнтэй гэнэтийн мөнгөний хэрэгцээг аймар амархан шийднэ.  Дэлгэрэнгүй Мобайл Банк Үйлчилгээ 2.0 Банк хоорондын гүйлгээгээ хийгээрэй. Банк хоорондын гүйлгээгээ хийгээрэй.  Дэлгэрэнгүй Хасын Хүлэгүүд Лимитед Виза карт Лимитед Виза карт  Дэлгэрэнгүй According to the Board of Directors (the “Board”)’ Resolution No.R-2023-72 dated 06 November 2023, the Board has decided to distribute a total gross amount of MNT 15,527,325,000.00 (fifteen billion five hundred twenty-seven million three hundred twenty-five thousand togrogs) by a declaration of dividend in the amount of MNT 14.75 (fourteen togrogs and seventy-five mongos) per share from the company’s earnings for the first half of 2023 to the shareholders. The dividends will be distributed after obtaining the Bank of Mongolia’s consent and final approval by the company’s shareholders' meeting in accordance with the Charter of XacBank JSC. In this context, the Board has also recommended to the shareholders the amendment and restatement of the Dividend Policy of XacBank to allow for potential interim dividend distributions from the semi-annual profits.  1800-1888,75771888 info@xacbank.mn © 2001-2024. ХасБанк Бүтээгдэхүүн Картын бүтээгдэхүүн Зээлийн үйлчилгээ Хадгаламж Хадгаламжийн хайрцаг Цахим банк Интернэт Банк ХасБанк аппликейшн XacИнфо үйлчилгээ Мобайл Банк 2.0 Банкны тухай ХасБанкны тухай Аюулгүй байдал Нээлттэй ажлын байр Тендер, сонгон шалгаруулалт Тусламж Онлайн туслах АТМ, Салбаруудын байршил Тооцоолуур Холбоо барих"
"article_ebrd-gcf-25m-fund-en","XacBank has received 25 million US dollars from EBRD to support green businesses","XacBank has received 25 million US dollars from EBRD to support green businesses","Амар зээл Бага дүнтэй гэнэтийн мөнгөний хэрэгцээг аймар амархан шийднэ. Бага дүнтэй гэнэтийн мөнгөний хэрэгцээг аймар амархан шийднэ.  Дэлгэрэнгүй Мобайл Банк Үйлчилгээ 2.0 Банк хоорондын гүйлгээгээ хийгээрэй. Банк хоорондын гүйлгээгээ хийгээрэй.  Дэлгэрэнгүй Хасын Хүлэгүүд Лимитед Виза карт Лимитед Виза карт  Дэлгэрэнгүй XacBank received USD 25 million funding from the European Bank for Reconstruction and Development (EBRD) in order to support entrepreneurs and enterprises that intend to introduce energy-efficient equipment and environmentally friendly technologies into their operations. The financing is provided by the EBRD in cooperation with the Green Climate Fund (GCF) under the Green Economy Financing Facility (GEFF). The funding consists of USD 18.75 million from EBRD and USD 6.25 million from the GCF. The program (GEFF) aims to increase the availability of energy-efficient green technologies, which will not only allow entrepreneurs to improve their efficiency by introducing modern advanced technology, renewable energy and innovative solutions in their operations, but will also reduce greenhouse gas emissions and have a positive impact on the environment. In 2009, XacBank established the first Eco Bank department in the banking sector, and in 2016, it became the first private sector organization to be accredited by the Green Climate Fund, not only in Mongolia, but also among developing countries. It was successfully accredited for the second time in 2022.  1800-1888,75771888 info@xacbank.mn © 2001-2024. ХасБанк Бүтээгдэхүүн Картын бүтээгдэхүүн Зээлийн үйлчилгээ Хадгаламж Хадгаламжийн хайрцаг Цахим банк Интернэт Банк ХасБанк аппликейшн XacИнфо үйлчилгээ Мобайл Банк 2.0 Банкны тухай ХасБанкны тухай Аюулгүй байдал Нээлттэй ажлын байр Тендер, сонгон шалгаруулалт Тусламж Онлайн туслах АТМ, Салбаруудын байршил Тооцоолуур Холбоо барих"
"article_ebrd-gcf-greenlending","EBRD and GCF support green lending in Mongolia","EBRD and GCF support green lending in Mongolia","Амар зээл Бага дүнтэй гэнэтийн мөнгөний хэрэгцээг аймар амархан шийднэ. Бага дүнтэй гэнэтийн мөнгөний хэрэгцээг аймар амархан шийднэ.  Дэлгэрэнгүй Мобайл Банк Үйлчилгээ 2.0 Банк хоорондын гүйлгээгээ хийгээрэй. Банк хоорондын гүйлгээгээ хийгээрэй.  Дэлгэрэнгүй Хасын Хүлэгүүд Лимитед Виза карт Лимитед Виза карт  Дэлгэрэнгүй The European Bank for Reconstruction and Development (EBRD) is promoting green lending in Mongolia by organising a financial package of US$ 25 million to XacBank, the country’s most active creditor of green economy projects. The package consists of an EBRD loan of up to US$ 18.75 million and concessional financing of up to US$ 6.25 million provided by the Green Climate Fund (GCF). It will help support domestic individuals and businesses willing to invest in climate mitigation and adaptation technologies and services. Beneficiaries can identify climate-friendly technologies with the help of the Green Technology Selector and dedicated technical support is available through a consultancy team funded by the GCF and Japan.  This is the latest project in Mongolia under the Green Economy Financing Facility (GEFF) programme, which is part of the EBRD’s Green Economy Transition (GET) approach, through which the EBRD aims to become a majority green bank by 2025. The programme operates through a network of more than 170 local financial institutions across 28 countries, supported by more than €5.8 billion of EBRD financing for over 220,000 clients to date. These projects have led to annual CO2 emission reductions of more than 9 million tonnes so far. XacBank, the sustainability-award-winning financial institution and the first financial institution to join GEFF in Mongolia, will benefit from the EBRD’s experience in energy and resource efficiency and climate resilience financing. The project is supported by technical assistance from the GCF and the Japan-EBRD Cooperation Fund. GEFF Mongolia supports gender activities that aim to enhance equal opportunities for men and women to access finance for green technologies. To date, the EBRD has invested almost US$ 2.17 billion in Mongolia’s economy through 122 projects.   1800-1888,75771888 info@xacbank.mn © 2001-2024. ХасБанк Бүтээгдэхүүн Картын бүтээгдэхүүн Зээлийн үйлчилгээ Хадгаламж Хадгаламжийн хайрцаг Цахим банк Интернэт Банк ХасБанк аппликейшн XacИнфо үйлчилгээ Мобайл Банк 2.0 Банкны тухай ХасБанкны тухай Аюулгүй байдал Нээлттэй ажлын байр Тендер, сонгон шалгаруулалт Тусламж Онлайн туслах АТМ, Салбаруудын байршил Тооцоолуур Холбоо барих"
"article_egm-announce-240802","ХасБанк ХК-ийн хувьцаа эзэмшигчдийн ээлжит бус хурлын зарлал","ХасБанк ХК-ийн хувьцаа эзэмшигчдийн ээлжит бус хурлын зарлал","Амар зээл Бага дүнтэй гэнэтийн мөнгөний хэрэгцээг аймар амархан шийднэ. Бага дүнтэй гэнэтийн мөнгөний хэрэгцээг аймар амархан шийднэ.  Дэлгэрэнгүй Мобайл Банк Үйлчилгээ 2.0 Банк хоорондын гүйлгээгээ хийгээрэй. Банк хоорондын гүйлгээгээ хийгээрэй.  Дэлгэрэнгүй Хасын Хүлэгүүд Лимитед Виза карт Лимитед Виза карт  Дэлгэрэнгүй   1800-1888,75771888 info@xacbank.mn © 2001-2024. ХасБанк Бүтээгдэхүүн Картын бүтээгдэхүүн Зээлийн үйлчилгээ Хадгаламж Хадгаламжийн хайрцаг Цахим банк Интернэт Банк ХасБанк аппликейшн XacИнфо үйлчилгээ Мобайл Банк 2.0 Банкны тухай ХасБанкны тухай Аюулгүй байдал Нээлттэй ажлын байр Тендер, сонгон шалгаруулалт Тусламж Онлайн туслах АТМ, Салбаруудын байршил Тооцоолуур Холбоо барих"
"article_egm-pr-en","XacBank Concludes the Extraordinary General Meeting of the Shareholders with Agenda Items Approved","XacBank Concludes the Extraordinary General Meeting of the Shareholders with Agenda Items Approved","Амар зээл Бага дүнтэй гэнэтийн мөнгөний хэрэгцээг аймар амархан шийднэ. Бага дүнтэй гэнэтийн мөнгөний хэрэгцээг аймар амархан шийднэ.  Дэлгэрэнгүй Мобайл Банк Үйлчилгээ 2.0 Банк хоорондын гүйлгээгээ хийгээрэй. Банк хоорондын гүйлгээгээ хийгээрэй.  Дэлгэрэнгүй Хасын Хүлэгүүд Лимитед Виза карт Лимитед Виза карт  Дэлгэрэнгүй The first extraordinary meeting of the shareholders of XacBank was convened on 15 September, 2023, in the Diamond meeting room on the 3rd floor of Blue Sky Hotel, following the XacBank’s reorganization into a joint-stock company. This meeting was organized through a combination of in person and virtual attendance. The EGM achieved a quorum with 95.55% attendance and the agenda items, which included reflecting the IPO proceeds in the share capital and setting the paid-in share capital of XacBank at MNT 105,270,000,000 (one hundred and five billion two hundred and seventy million), as well as approving the Charter of XacBank JSC, were approved. The EGM resolutions are accessibleHERE.   1800-1888,75771888 info@xacbank.mn © 2001-2024. ХасБанк Бүтээгдэхүүн Картын бүтээгдэхүүн Зээлийн үйлчилгээ Хадгаламж Хадгаламжийн хайрцаг Цахим банк Интернэт Банк ХасБанк аппликейшн XacИнфо үйлчилгээ Мобайл Банк 2.0 Банкны тухай ХасБанкны тухай Аюулгүй байдал Нээлттэй ажлын байр Тендер, сонгон шалгаруулалт Тусламж Онлайн туслах АТМ, Салбаруудын байршил Тооцоолуур Холбоо барих"
"article_egm24-announcement","Announcement of the extraordinary general meeting of XacBank JSC shareholders","Announcement of the extraordinary general meeting of XacBank JSC shareholders","Амар зээл Бага дүнтэй гэнэтийн мөнгөний хэрэгцээг аймар амархан шийднэ. Бага дүнтэй гэнэтийн мөнгөний хэрэгцээг аймар амархан шийднэ.  Дэлгэрэнгүй Мобайл Банк Үйлчилгээ 2.0 Банк хоорондын гүйлгээгээ хийгээрэй. Банк хоорондын гүйлгээгээ хийгээрэй.  Дэлгэрэнгүй Хасын Хүлэгүүд Лимитед Виза карт Лимитед Виза карт  Дэлгэрэнгүй   1800-1888,75771888 info@xacbank.mn © 2001-2024. ХасБанк Бүтээгдэхүүн Картын бүтээгдэхүүн Зээлийн үйлчилгээ Хадгаламж Хадгаламжийн хайрцаг Цахим банк Интернэт Банк ХасБанк аппликейшн XacИнфо үйлчилгээ Мобайл Банк 2.0 Банкны тухай ХасБанкны тухай Аюулгүй байдал Нээлттэй ажлын байр Тендер, сонгон шалгаруулалт Тусламж Онлайн туслах АТМ, Салбаруудын байршил Тооцоолуур Холбоо барих"
"article_financial-report-2024q3","ХасБанк 2024 оны III улиралд 43.4 тэрбум төгрөгийн татварын дараах цэвэр ашигтай ажиллалаа","ХасБанк 2024 оны III улиралд 43.4 тэрбум төгрөгийн татварын дараах цэвэр ашигтай ажиллалаа","Амар зээл Бага дүнтэй гэнэтийн мөнгөний хэрэгцээг аймар амархан шийднэ. Бага дүнтэй гэнэтийн мөнгөний хэрэгцээг аймар амархан шийднэ.  Дэлгэрэнгүй Мобайл Банк Үйлчилгээ 2.0 Банк хоорондын гүйлгээгээ хийгээрэй. Банк хоорондын гүйлгээгээ хийгээрэй.  Дэлгэрэнгүй Хасын Хүлэгүүд Лимитед Виза карт Лимитед Виза карт  Дэлгэрэнгүй ХасБанк 2024 оны III улиралд 43.4 тэрбум төгрөгийн (өмнөх улирлаас +0.4%) татварын дараах цэвэр ашигтай ажиллалаа. Ингэснээр жилийн өссөн дүнгээр татварын дараах цэвэр ашиг 128.7 тэрбум төгрөгт (өмнөх жилийн мөн үеэс +26.7%) хүрч, өөрийн хөрөнгийн өгөөж (annualized ROE) 26.2%,нэгж хувьцаанд ногдох цэвэр ашиг (EPS) 122.3 төгрөгтхүрлээ 2024 оны III улирлын санхүүгийн үзүүлэлтээс онцолбол: Тайлант хугацаанд ХасБанк Банкны тухай хуулиар болон Монголбанкнаас тогтоосон зохистой харьцааны шалгуур үзүүлэлтүүдийг бүрэн хангаж ажиллалаа. Үүнд: Нэгдүгээр зэрэглэлийн өөрийн хөрөнгө болон эрсдэлээр жигнэсэн активын зохистой харьцаа 18.2%(байвал зохих хэмжээ 12.5%). Ийнхүү давуулан биелүүлсэн нөөц өөрийн хөрөнгө нь аливаа болзошгүй эрсдэлийг даахаас гадна ирээдүйд активын тэлэлт хийх, ногдол ашиг тараах боломжийг бий болгодог. Төлбөр түргэн гүйцэтгэх чадварын харьцаа 34.5%(байвал зохих хэмжээ 25.0%) буюу ХасБанк бусдаас татан төвлөрүүлсэн нийт эх үүсвэрийнхээ 34.5% болох 1,682 тэрбум төгрөгийг бэлэн мөнгө болон түргэн борлогдох активт байршуулан удирдаж байна.  ХасБанкны 2024 оны III улирлын санхүүгийн байдал болон орлого үр дүнгийн тайлантайЭНДдарж танилцана уу.  1800-1888,75771888 info@xacbank.mn © 2001-2024. ХасБанк Бүтээгдэхүүн Картын бүтээгдэхүүн Зээлийн үйлчилгээ Хадгаламж Хадгаламжийн хайрцаг Цахим банк Интернэт Банк ХасБанк аппликейшн XacИнфо үйлчилгээ Мобайл Банк 2.0 Банкны тухай ХасБанкны тухай Аюулгүй байдал Нээлттэй ажлын байр Тендер, сонгон шалгаруулалт Тусламж Онлайн туслах АТМ, Салбаруудын байршил Тооцоолуур Холбоо барих"
"article_fm-scholarship","ХасБанк 500 сая төгрөгийн дүнтэй “Оюутны тэтгэлэгт хөтөлбөр” зарлалаа","ХасБанк 500 сая төгрөгийн дүнтэй “Оюутны тэтгэлэгт хөтөлбөр” зарлалаа","Амар зээл Бага дүнтэй гэнэтийн мөнгөний хэрэгцээг аймар амархан шийднэ. Бага дүнтэй гэнэтийн мөнгөний хэрэгцээг аймар амархан шийднэ.  Дэлгэрэнгүй Мобайл Банк Үйлчилгээ 2.0 Банк хоорондын гүйлгээгээ хийгээрэй. Банк хоорондын гүйлгээгээ хийгээрэй.  Дэлгэрэнгүй Хасын Хүлэгүүд Лимитед Виза карт Лимитед Виза карт  Дэлгэрэнгүй Хүүхдэд зориулсан Монголын анхны урт хугацаат хадгаламж“Ирээдүйн саятан”-ы бэлгэдэлт дүр болох Хасхүүгийн төрсөн өдрийг тохиолдуулан ХасБанкнаас нийт 500 сая төгрөгийн дүн бүхий“Оюутны тэтгэлэгт хөтөлбөр”-ийг зарлаж байна. Ирээдүйн саятны нэрэмжит уг тэтгэлэгт хөтөлбөр нь ирээдүйдээ итгэлтэй, боловсрол мэдлэгтэй иргэн болохоор шамдан суралцаж буй найзууддаа Хасхүүгийн зүгээс талархлаа илэрхийлэн барьж буй бэлэг бөгөөд 5 жилийн хугацаанд үргэлжилж, жил бүр 100 оюутныг шалгаруулан, оюутан тус бүрд 5 сая хүртэлх төгрөгийн сургалтын төлбөрийн тэтгэлэг олгоно. Энэ жилийн тэтгэлэгт дараах шаардлагыг хангасан оюутнууд хамрагдах боломжтой. Үүнд: Дээрх шаардлагыг ханган тэтгэлэгт хамрагдахыг хүсэж буй оюутнуудын хүсэлтийг2024 оны 12-р сарын 02-ны өдрөөс 12-р сарын 18-ны өдрийг дуусталхугацаанд цахимаар хүлээн авах бөгөөд тэтгэлэгт шалгарсан 100 оюутныг 2024 оны 12-р сарын 20-ны өдөр ХасБанкны веб сайт /www.xacbank.mn/ дээр нээлттэй зарлана. Ирээдүйн саятны нэрэмжит “Оюутны тэтгэлэгт хөтөлбөр”-т хамрагдах хүсэлтээ доорх товч дээр дарж илгээнэ үү. ХҮСЭЛТ ИЛГЭЭХ Хүүхдийнхээ ирээдүйд хөрөнгө оруулж, санхүүгийн бат бэх суурийг тавихад нь эцэг эхчүүдэд дэмжлэг болох зорилгоор ХасБанк Ирээдүйн саятан хадгаламжийг 2002 онд анхлан нэвтрүүлснээс хойш эцэг эх, эмээ өвөө, асран хамгаалагчдын найдвартай туслагч байж, олон мянган хүүхэд багачуудын хүсэл мөрөөдөлдөө хүрэх шат нь болсоор ирсэн бөгөөд өдгөө Монгол Улсын 5 хүүхэд тутмын 1 нь Ирээдүйн саятан хадгаламж эзэмшигч байна.  1800-1888,75771888 info@xacbank.mn © 2001-2024. ХасБанк Бүтээгдэхүүн Картын бүтээгдэхүүн Зээлийн үйлчилгээ Хадгаламж Хадгаламжийн хайрцаг Цахим банк Интернэт Банк ХасБанк аппликейшн XacИнфо үйлчилгээ Мобайл Банк 2.0 Банкны тухай ХасБанкны тухай Аюулгүй байдал Нээлттэй ажлын байр Тендер, сонгон шалгаруулалт Тусламж Онлайн туслах АТМ, Салбаруудын байршил Тооцоолуур Холбоо барих"
"article_fm-scholarship?lang=mn","ХасБанк 500 сая төгрөгийн дүнтэй “Оюутны тэтгэлэгт хөтөлбөр” зарлалаа","ХасБанк 500 сая төгрөгийн дүнтэй “Оюутны тэтгэлэгт хөтөлбөр” зарлалаа","Амар зээл Бага дүнтэй гэнэтийн мөнгөний хэрэгцээг аймар амархан шийднэ. Бага дүнтэй гэнэтийн мөнгөний хэрэгцээг аймар амархан шийднэ.  Дэлгэрэнгүй Мобайл Банк Үйлчилгээ 2.0 Банк хоорондын гүйлгээгээ хийгээрэй. Банк хоорондын гүйлгээгээ хийгээрэй.  Дэлгэрэнгүй Хасын Хүлэгүүд Лимитед Виза карт Лимитед Виза карт  Дэлгэрэнгүй Хүүхдэд зориулсан Монголын анхны урт хугацаат хадгаламж“Ирээдүйн саятан”-ы бэлгэдэлт дүр болох Хасхүүгийн төрсөн өдрийг тохиолдуулан ХасБанкнаас нийт 500 сая төгрөгийн дүн бүхий“Оюутны тэтгэлэгт хөтөлбөр”-ийг зарлаж байна. Ирээдүйн саятны нэрэмжит уг тэтгэлэгт хөтөлбөр нь ирээдүйдээ итгэлтэй, боловсрол мэдлэгтэй иргэн болохоор шамдан суралцаж буй найзууддаа Хасхүүгийн зүгээс талархлаа илэрхийлэн барьж буй бэлэг бөгөөд 5 жилийн хугацаанд үргэлжилж, жил бүр 100 оюутныг шалгаруулан, оюутан тус бүрд 5 сая хүртэлх төгрөгийн сургалтын төлбөрийн тэтгэлэг олгоно. Энэ жилийн тэтгэлэгт дараах шаардлагыг хангасан оюутнууд хамрагдах боломжтой. Үүнд: Дээрх шаардлагыг ханган тэтгэлэгт хамрагдахыг хүсэж буй оюутнуудын хүсэлтийг2024 оны 12-р сарын 02-ны өдрөөс 12-р сарын 18-ны өдрийг дуусталхугацаанд цахимаар хүлээн авах бөгөөд тэтгэлэгт шалгарсан 100 оюутныг 2024 оны 12-р сарын 20-ны өдөр ХасБанкны веб сайт /www.xacbank.mn/ дээр нээлттэй зарлана. Ирээдүйн саятны нэрэмжит “Оюутны тэтгэлэгт хөтөлбөр”-т хамрагдах хүсэлтээ доорх товч дээр дарж илгээнэ үү. ХҮСЭЛТ ИЛГЭЭХ Хүүхдийнхээ ирээдүйд хөрөнгө оруулж, санхүүгийн бат бэх суурийг тавихад нь эцэг эхчүүдэд дэмжлэг болох зорилгоор ХасБанк Ирээдүйн саятан хадгаламжийг 2002 онд анхлан нэвтрүүлснээс хойш эцэг эх, эмээ өвөө, асран хамгаалагчдын найдвартай туслагч байж, олон мянган хүүхэд багачуудын хүсэл мөрөөдөлдөө хүрэх шат нь болсоор ирсэн бөгөөд өдгөө Монгол Улсын 5 хүүхэд тутмын 1 нь Ирээдүйн саятан хадгаламж эзэмшигч байна.  1800-1888,75771888 info@xacbank.mn © 2001-2024. ХасБанк Бүтээгдэхүүн Картын бүтээгдэхүүн Зээлийн үйлчилгээ Хадгаламж Хадгаламжийн хайрцаг Цахим банк Интернэт Банк ХасБанк аппликейшн XacИнфо үйлчилгээ Мобайл Банк 2.0 Банкны тухай ХасБанкны тухай Аюулгүй байдал Нээлттэй ажлын байр Тендер, сонгон шалгаруулалт Тусламж Онлайн туслах АТМ, Салбаруудын байршил Тооцоолуур Холбоо барих"
"article_infosys-finacle","Infosys Finacle powers XacBank’s Digital Transformation Journey","Infosys Finacle powers XacBank’s Digital Transformation Journey","Амар зээл Бага дүнтэй гэнэтийн мөнгөний хэрэгцээг аймар амархан шийднэ. Бага дүнтэй гэнэтийн мөнгөний хэрэгцээг аймар амархан шийднэ.  Дэлгэрэнгүй Мобайл Банк Үйлчилгээ 2.0 Банк хоорондын гүйлгээгээ хийгээрэй. Банк хоорондын гүйлгээгээ хийгээрэй.  Дэлгэрэнгүй Хасын Хүлэгүүд Лимитед Виза карт Лимитед Виза карт  Дэлгэрэнгүй Bengaluru, India – April 20, 2023:Infosys Finacle, part ofEdgeVerve Systems, a wholly-owned subsidiary ofInfosys(NSE, BSE, NYSE: INFY), and XacBank, a leading universal bank in Mongolia, today announced the successful transformation of the bank’s technology landscape with the Finacle Digital Banking Solution Suite. The Finacle suite now powers both the retail and corporate banking operations at XacBank, enabling a robust digital foundation for the bank to achieve its growth strategy. Highlights: Tsevegjav Gumenjav, Chief Executive Officer, XacBank, said, “We are happy at the successful completion of this much-awaited digital transformation, drawing us closer to our vision to be the preferred universal bank in Mongolia. In this digital-first era, the Finacle platform provides us with the right platform to offer custom offerings for our customers in Mongolia across segments, serving their financial needs in a secure manner. We look forward to scaling new heights with world-class banking and contribute to the larger economic development of Mongolia.” Sajit Vijaykumar, Chief Operating Officer, Infosys Finacle,said, ""We are excited to collaborate with XacBank in its digital transformation journey. By deploying Finacle's comprehensive suite of solutions, we are confident that the bank will be able to significantly improve its operational efficiency, enhance customer engagement, and drive innovation. Our collaboration will enable the bank to offer contextual and tailored solutions to its retail and business customers, accelerating the bank’s growth and economic development of the country."" About XacBank Since its founding in 2001, XacBank has created sustainable growth in the banking and financial sector of Mongolia, continuously expanding operations, and has become one of the largest systemic banks. XacBank today provides integrated banking and financial solutions to consumer and MSMEs throughout its over 70  nation-wide branches, serving approximately 1 million customers. To know more, visitwww.xacbank.mn About Infosys Finacle Finacle is an industry leader in digital banking solutions. We are a unit of EdgeVerve Systems, a wholly owned product subsidiary of Infosys (NSE, BSE, NYSE: INFY). We partner with emerging and established financial institutions to help inspire better banking. Our cloud-native solution suite and SaaS services help banks engage, innovate, operate, and transform better to scale digital transformation with confidence. Finacle solutions address the core banking, lending, digital engagement, payments, cash management, wealth management, treasury, analytics, AI, and blockchain requirements of financial institutions. Today, banks in over 100 countries rely on Finacle to help more than a billion people and millions of businesses to save, pay, borrow, and invest better. For more information,visitwww.finacle.com  1800-1888,75771888 info@xacbank.mn © 2001-2024. ХасБанк Бүтээгдэхүүн Картын бүтээгдэхүүн Зээлийн үйлчилгээ Хадгаламж Хадгаламжийн хайрцаг Цахим банк Интернэт Банк ХасБанк аппликейшн XacИнфо үйлчилгээ Мобайл Банк 2.0 Банкны тухай ХасБанкны тухай Аюулгүй байдал Нээлттэй ажлын байр Тендер, сонгон шалгаруулалт Тусламж Онлайн туслах АТМ, Салбаруудын байршил Тооцоолуур Холбоо барих"
"article_internal-audit-awards-2024","Монголын Үндэсний Дотоод Аудитын Холбооны “Оны Шилдэг”-ээр ХасБанк шалгарлаа","Монголын Үндэсний Дотоод Аудитын Холбооны “Оны Шилдэг”-ээр ХасБанк шалгарлаа","Амар зээл Бага дүнтэй гэнэтийн мөнгөний хэрэгцээг аймар амархан шийднэ. Бага дүнтэй гэнэтийн мөнгөний хэрэгцээг аймар амархан шийднэ.  Дэлгэрэнгүй Мобайл Банк Үйлчилгээ 2.0 Банк хоорондын гүйлгээгээ хийгээрэй. Банк хоорондын гүйлгээгээ хийгээрэй.  Дэлгэрэнгүй Хасын Хүлэгүүд Лимитед Виза карт Лимитед Виза карт  Дэлгэрэнгүй Монголын Үндэсний Дотоод Аудиторуудын Холбоо (IIA Mongolia chapter)-ны 8 дахь удаагийн Форум (Annual Conference)“Өөрчлөлтийг хүлээн авч, үнэ цэнийг нэмэгдүүлье”уриан дор 2024 оны 11 сарын 14-ний өдөр амжилттай зохион байгуулагдлаа. Энэ жилийн арга хэмжээний үеэр холбооноос анх удаа “Оны шилдэг”-үүдээ торуулсан бөгөөд ХасБанкны Дотоод аудитын нэгжийг онцгой амжилт гарган, мэргэжлийн өндөр түвшинд ажилласныг үнэлэн “ОНЫ ШИЛДЭГ ДОТООД АУДИТЫН НЭГЖ” –ээр шалгарууллаа. ХасБанк Монгол Улсын дотоод аудитын хөгжил дэвшилд үнэтэй хувь нэмэр оруулсан олон ажлыг санаачлан хэрэгжүүлж, салбартаа тэргүүлж ирсэн бөгөөд Олон улсын мэргэшсэн дотоод аудитор цолтой (CIA) мэргэжилтнийг Монголд хамгийн их бэлтгэсэн байгууллага гэдгээрээ бид бахархдаг.  Салбарын хөгжилд оруулсан ХасБанкны хувь нэмрээс дурдвал, 2014 онд эрсдэлд суурилсан аудитын аргачлалыг анхлан нэвтрүүлж, дата шилжилгээг дотоод аудитын үйл ажиллагаанд оновчтой ашиглаж эхэлсэн бол 2020 оноос үргэлжилсэн аудитын аргачлалд шилжих ажлыг шат дараатай хэрэгжүүлсний үр дүнд үйл ажиллагааны чанар, үр ашиг дээшилж, шинэ тутам эрсдэлүүдийг цаг алдалгүй илрүүлж, богино хугацаанд арга хэмжээ авах боломж нээгдсэн. *** Америкийн Нэгдсэн Улсад төвтэй Дотоод Аудиторын Институт (IIA Global) 1941 онд байгуулагдсан, 170 гаруй улсын 245,000 гаруй гишүүн байгууллагатай, олон улсын мэргэжлийн байгууллага юм. Монголын Үндэсний Дотоод Аудитын Холбоо (IIA Mongolia chapter) нь IIA Глобалын Монгол дахь цор ганц салбар болж 2016 оноос албан ёсоор үйл ажиллагаагаа явуулж эхэлснээр монголын дотоод аудиторууд олон улсын жишгээр хөгжиж үнэлүүлэх суурь тавигдсан.  1800-1888,75771888 info@xacbank.mn © 2001-2024. ХасБанк Бүтээгдэхүүн Картын бүтээгдэхүүн Зээлийн үйлчилгээ Хадгаламж Хадгаламжийн хайрцаг Цахим банк Интернэт Банк ХасБанк аппликейшн XacИнфо үйлчилгээ Мобайл Банк 2.0 Банкны тухай ХасБанкны тухай Аюулгүй байдал Нээлттэй ажлын байр Тендер, сонгон шалгаруулалт Тусламж Онлайн туслах АТМ, Салбаруудын байршил Тооцоолуур Холбоо барих"
"article_internal-audit-awards-2024?lang=mn","Монголын Үндэсний Дотоод Аудитын Холбооны “Оны Шилдэг”-ээр ХасБанк шалгарлаа","Монголын Үндэсний Дотоод Аудитын Холбооны “Оны Шилдэг”-ээр ХасБанк шалгарлаа","Амар зээл Бага дүнтэй гэнэтийн мөнгөний хэрэгцээг аймар амархан шийднэ. Бага дүнтэй гэнэтийн мөнгөний хэрэгцээг аймар амархан шийднэ.  Дэлгэрэнгүй Мобайл Банк Үйлчилгээ 2.0 Банк хоорондын гүйлгээгээ хийгээрэй. Банк хоорондын гүйлгээгээ хийгээрэй.  Дэлгэрэнгүй Хасын Хүлэгүүд Лимитед Виза карт Лимитед Виза карт  Дэлгэрэнгүй Монголын Үндэсний Дотоод Аудиторуудын Холбоо (IIA Mongolia chapter)-ны 8 дахь удаагийн Форум (Annual Conference)“Өөрчлөлтийг хүлээн авч, үнэ цэнийг нэмэгдүүлье”уриан дор 2024 оны 11 сарын 14-ний өдөр амжилттай зохион байгуулагдлаа. Энэ жилийн арга хэмжээний үеэр холбооноос анх удаа “Оны шилдэг”-үүдээ торуулсан бөгөөд ХасБанкны Дотоод аудитын нэгжийг онцгой амжилт гарган, мэргэжлийн өндөр түвшинд ажилласныг үнэлэн “ОНЫ ШИЛДЭГ ДОТООД АУДИТЫН НЭГЖ” –ээр шалгарууллаа. ХасБанк Монгол Улсын дотоод аудитын хөгжил дэвшилд үнэтэй хувь нэмэр оруулсан олон ажлыг санаачлан хэрэгжүүлж, салбартаа тэргүүлж ирсэн бөгөөд Олон улсын мэргэшсэн дотоод аудитор цолтой (CIA) мэргэжилтнийг Монголд хамгийн их бэлтгэсэн байгууллага гэдгээрээ бид бахархдаг.  Салбарын хөгжилд оруулсан ХасБанкны хувь нэмрээс дурдвал, 2014 онд эрсдэлд суурилсан аудитын аргачлалыг анхлан нэвтрүүлж, дата шилжилгээг дотоод аудитын үйл ажиллагаанд оновчтой ашиглаж эхэлсэн бол 2020 оноос үргэлжилсэн аудитын аргачлалд шилжих ажлыг шат дараатай хэрэгжүүлсний үр дүнд үйл ажиллагааны чанар, үр ашиг дээшилж, шинэ тутам эрсдэлүүдийг цаг алдалгүй илрүүлж, богино хугацаанд арга хэмжээ авах боломж нээгдсэн. *** Америкийн Нэгдсэн Улсад төвтэй Дотоод Аудиторын Институт (IIA Global) 1941 онд байгуулагдсан, 170 гаруй улсын 245,000 гаруй гишүүн байгууллагатай, олон улсын мэргэжлийн байгууллага юм. Монголын Үндэсний Дотоод Аудитын Холбоо (IIA Mongolia chapter) нь IIA Глобалын Монгол дахь цор ганц салбар болж 2016 оноос албан ёсоор үйл ажиллагаагаа явуулж эхэлснээр монголын дотоод аудиторууд олон улсын жишгээр хөгжиж үнэлүүлэх суурь тавигдсан.  1800-1888,75771888 info@xacbank.mn © 2001-2024. ХасБанк Бүтээгдэхүүн Картын бүтээгдэхүүн Зээлийн үйлчилгээ Хадгаламж Хадгаламжийн хайрцаг Цахим банк Интернэт Банк ХасБанк аппликейшн XacИнфо үйлчилгээ Мобайл Банк 2.0 Банкны тухай ХасБанкны тухай Аюулгүй байдал Нээлттэй ажлын байр Тендер, сонгон шалгаруулалт Тусламж Онлайн туслах АТМ, Салбаруудын байршил Тооцоолуур Холбоо барих"
"article_moodys-ratings-2024","Moody’s агентлаг ХасБанкны зээлжих зэрэглэлийг сайжрууллаа","Moody’s агентлаг ХасБанкны зээлжих зэрэглэлийг сайжрууллаа","Амар зээл Бага дүнтэй гэнэтийн мөнгөний хэрэгцээг аймар амархан шийднэ. Бага дүнтэй гэнэтийн мөнгөний хэрэгцээг аймар амархан шийднэ.  Дэлгэрэнгүй Мобайл Банк Үйлчилгээ 2.0 Банк хоорондын гүйлгээгээ хийгээрэй. Банк хоорондын гүйлгээгээ хийгээрэй.  Дэлгэрэнгүй Хасын Хүлэгүүд Лимитед Виза карт Лимитед Виза карт  Дэлгэрэнгүй Олон улсын үнэлгээнийMoody’s агентлагМонгол Улсын зээлжих зэрэглэлийг сайжруулахтай зэрэгцээд ХасБанкны зээлжих зэрэглэлийг мөнB2/тогтвортойболгон нэг шат ахиулан сайжрууллаа. Moody’s агентлаг тайландаа“…Монгол Улсын гадаад өр төлбөрийн ачаалал буурч, өрийн болон төсвийн удирдлага сайжирснаас үүдэн улсын зээлжих зэрэглэлийг ахиулсан бөгөөд үүнтэй уялдан Монголын банкнуудын суурь зээлжих зэрэглэлд тогтоогоод байсан тааз дээшилснээр ХасБанкны зэрэглэлийг сайжрууллаа.”хэмээн дурдсан байна. Ийнхүү зээлжих зэрэглэл сайжирснаар Монгол Улсруу чиглэх гадаадын хөрөнгө оруулалт нэмэгдэх, санхүүжилтийн зардал аажимдаа буурахад эерэг нөлөө үзүүлэх юм.  1800-1888,75771888 info@xacbank.mn © 2001-2024. ХасБанк Бүтээгдэхүүн Картын бүтээгдэхүүн Зээлийн үйлчилгээ Хадгаламж Хадгаламжийн хайрцаг Цахим банк Интернэт Банк ХасБанк аппликейшн XacИнфо үйлчилгээ Мобайл Банк 2.0 Банкны тухай ХасБанкны тухай Аюулгүй байдал Нээлттэй ажлын байр Тендер, сонгон шалгаруулалт Тусламж Онлайн туслах АТМ, Салбаруудын байршил Тооцоолуур Холбоо барих"
"article_moodys-ratings-2024?lang=mn","Moody’s агентлаг ХасБанкны зээлжих зэрэглэлийг сайжрууллаа","Moody’s агентлаг ХасБанкны зээлжих зэрэглэлийг сайжрууллаа","Амар зээл Бага дүнтэй гэнэтийн мөнгөний хэрэгцээг аймар амархан шийднэ. Бага дүнтэй гэнэтийн мөнгөний хэрэгцээг аймар амархан шийднэ.  Дэлгэрэнгүй Мобайл Банк Үйлчилгээ 2.0 Банк хоорондын гүйлгээгээ хийгээрэй. Банк хоорондын гүйлгээгээ хийгээрэй.  Дэлгэрэнгүй Хасын Хүлэгүүд Лимитед Виза карт Лимитед Виза карт  Дэлгэрэнгүй Олон улсын үнэлгээнийMoody’s агентлагМонгол Улсын зээлжих зэрэглэлийг сайжруулахтай зэрэгцээд ХасБанкны зээлжих зэрэглэлийг мөнB2/тогтвортойболгон нэг шат ахиулан сайжрууллаа. Moody’s агентлаг тайландаа“…Монгол Улсын гадаад өр төлбөрийн ачаалал буурч, өрийн болон төсвийн удирдлага сайжирснаас үүдэн улсын зээлжих зэрэглэлийг ахиулсан бөгөөд үүнтэй уялдан Монголын банкнуудын суурь зээлжих зэрэглэлд тогтоогоод байсан тааз дээшилснээр ХасБанкны зэрэглэлийг сайжрууллаа.”хэмээн дурдсан байна. Ийнхүү зээлжих зэрэглэл сайжирснаар Монгол Улсруу чиглэх гадаадын хөрөнгө оруулалт нэмэгдэх, санхүүжилтийн зардал аажимдаа буурахад эерэг нөлөө үзүүлэх юм.  1800-1888,75771888 info@xacbank.mn © 2001-2024. ХасБанк Бүтээгдэхүүн Картын бүтээгдэхүүн Зээлийн үйлчилгээ Хадгаламж Хадгаламжийн хайрцаг Цахим банк Интернэт Банк ХасБанк аппликейшн XacИнфо үйлчилгээ Мобайл Банк 2.0 Банкны тухай ХасБанкны тухай Аюулгүй байдал Нээлттэй ажлын байр Тендер, сонгон шалгаруулалт Тусламж Онлайн туслах АТМ, Салбаруудын байршил Тооцоолуур Холбоо барих"
"article_narayan-samant-as-cio","XacBank welcomes Narayan Samant as its new Chief Information Officer","XacBank welcomes Narayan Samant as its new Chief Information Officer","Амар зээл Бага дүнтэй гэнэтийн мөнгөний хэрэгцээг аймар амархан шийднэ. Бага дүнтэй гэнэтийн мөнгөний хэрэгцээг аймар амархан шийднэ.  Дэлгэрэнгүй Мобайл Банк Үйлчилгээ 2.0 Банк хоорондын гүйлгээгээ хийгээрэй. Банк хоорондын гүйлгээгээ хийгээрэй.  Дэлгэрэнгүй Хасын Хүлэгүүд Лимитед Виза карт Лимитед Виза карт  Дэлгэрэнгүй Mr. Narayan Samant was appointed as Chief Information Officer of XacBank on 2 March 2020. Narayan joins us from Afrasia Bank Mauritius and has a wealth of experience not only in information technology area spanning over two decades, he also brings valuable experience in the digital banking having helped DBS launch its DigiBank. Narayan Samant has worked for multiple banks throughout his career focusing on enabling business through agile product processers, building high availability robust networks and security infrastructure, real-time disaster recovery & business continuity as well as customer experience. He has worked in the capacity of Head of Information Technology for Development Credit Bank (DCB) and was previously Head of Information Technology for DBS India & Dubai before joining AfrAsia Bank Mauritius. He successfully executed the business and branch network expansion, core banking migrations, capacity building & transformation plan while implementing the first “bank in a mobile” digital bank “DigiBank” in Asia. ‘’I am confident that with Narayan’s experience and leadership, we will progress quickly to achieve XacBank’s ambitious transformation projects’’ said Mr. Tsevegjav Gumenjav, CEO of XacBank.  1800-1888,75771888 info@xacbank.mn © 2001-2024. ХасБанк Бүтээгдэхүүн Картын бүтээгдэхүүн Зээлийн үйлчилгээ Хадгаламж Хадгаламжийн хайрцаг Цахим банк Интернэт Банк ХасБанк аппликейшн XacИнфо үйлчилгээ Мобайл Банк 2.0 Банкны тухай ХасБанкны тухай Аюулгүй байдал Нээлттэй ажлын байр Тендер, сонгон шалгаруулалт Тусламж Онлайн туслах АТМ, Салбаруудын байршил Тооцоолуур Холбоо барих"
"article_procurement-process-en","Procurement process","Procurement process","Амар зээл Бага дүнтэй гэнэтийн мөнгөний хэрэгцээг аймар амархан шийднэ. Бага дүнтэй гэнэтийн мөнгөний хэрэгцээг аймар амархан шийднэ.  Дэлгэрэнгүй Мобайл Банк Үйлчилгээ 2.0 Банк хоорондын гүйлгээгээ хийгээрэй. Банк хоорондын гүйлгээгээ хийгээрэй.  Дэлгэрэнгүй Хасын Хүлэгүүд Лимитед Виза карт Лимитед Виза карт  Дэлгэрэнгүй XacBank aims to perform efficient and transparent procurements that will contribute Mongolian economic development, support environment, health and social responsibility as well as ensuring the continuity of goods and services required for the bank’s operation. XacBank applies same standards and criteria when selecting the potential suppliers in order to sustain the fair competence based market. Our procurement principle Code of conduct and standards  for suppliers Procurement  1800-1888,75771888 info@xacbank.mn © 2001-2024. ХасБанк Бүтээгдэхүүн Картын бүтээгдэхүүн Зээлийн үйлчилгээ Хадгаламж Хадгаламжийн хайрцаг Цахим банк Интернэт Банк ХасБанк аппликейшн XacИнфо үйлчилгээ Мобайл Банк 2.0 Банкны тухай ХасБанкны тухай Аюулгүй байдал Нээлттэй ажлын байр Тендер, сонгон шалгаруулалт Тусламж Онлайн туслах АТМ, Салбаруудын байршил Тооцоолуур Холбоо барих"
"article_re-accreditation-gcf","XacBank becomes re-accredited by the Green Climate Fund","XacBank becomes re-accredited by the Green Climate Fund","Амар зээл Бага дүнтэй гэнэтийн мөнгөний хэрэгцээг аймар амархан шийднэ. Бага дүнтэй гэнэтийн мөнгөний хэрэгцээг аймар амархан шийднэ.  Дэлгэрэнгүй Мобайл Банк Үйлчилгээ 2.0 Банк хоорондын гүйлгээгээ хийгээрэй. Банк хоорондын гүйлгээгээ хийгээрэй.  Дэлгэрэнгүй Хасын Хүлэгүүд Лимитед Виза карт Лимитед Виза карт  Дэлгэрэнгүй XacBank becomes re-accredited as a national direct access Accredited Entity (AE) of the Green Climate Fund (GCF) during the 34th board meeting of the GCF which took place on October 17 – 20, 2022 in Incheon, South Korea. Established within the framework of the UNFCCC, the GCF provides funding for climate change mitigation and adaptation activities worldwide through its network of AEs which are granted an accreditation period of 5 years by the GCF. XacBank obtained its first accreditation in October 2016 and became the first private sector commercial bank from a developing country to be accredited by the GCF. During its first 5-year accreditation period, XacBank had 9 projects and programs approved by the GCF, of which 4 were Funding Proposals, and 5 were project preparation and readiness support technical assistance programmes. XacBank has successfully completed the implementation of 5 of the approved projects and programmes with 3 currently under implementation. XacBank’s latest Funding Proposal approved by the GCF Board was the “Mongolia Green Finance Corporation” (MGFC) programme approved for a total amount of USD 50 million, for which the bank is working with the GCF to sign the related funded activity agreements. The MGFC is a first-of-its-kind institution in the region and is expected to strengthen the green financing capacity of Mongolian private sector financial institutions and deliver tangible impact towards the development of green finance in Mongolia. Since 2013, XacBank has reduced a total of 2,108,201 tons of CO2 equivalent in greenhouse gas emissions through its climate change mitigation loan programmes and projects. The CEO of XacBank, Tsevegjav Gumenjav, states “XacBank is grateful for this opportunity to further strengthen this valuable partnership with the GCF, and the bank’s re-accreditation as a national direct access accredited entity reaffirms XacBank as a stand-out organization whose operations are aligned with international standards in terms environmental and social responsibility as well as corporate governance. The re-accreditation also entrusts XacBank the responsibility to continue and broaden its impact in addressing climate change and contributing to environmental protection within the region. The bank remains focused on expanding its scope of green projects to deliver sustainable positive impacts in line with its triple-bottom-line mission of People, Planet and Prosperity.” XacBank is committed to continue taking initiative and leading efforts towards contributing to address the global issue of climate change, and create a green future to be inherited by generations to come.  1800-1888,75771888 info@xacbank.mn © 2001-2024. ХасБанк Бүтээгдэхүүн Картын бүтээгдэхүүн Зээлийн үйлчилгээ Хадгаламж Хадгаламжийн хайрцаг Цахим банк Интернэт Банк ХасБанк аппликейшн XacИнфо үйлчилгээ Мобайл Банк 2.0 Банкны тухай ХасБанкны тухай Аюулгүй байдал Нээлттэй ажлын байр Тендер, сонгон шалгаруулалт Тусламж Онлайн туслах АТМ, Салбаруудын байршил Тооцоолуур Холбоо барих"
"article_share-buyback","Нээлттэй зах зээлээс хувьцаа эргүүлэн худалдан авах тухай","Нээлттэй зах зээлээс хувьцаа эргүүлэн худалдан авах тухай","Амар зээл Бага дүнтэй гэнэтийн мөнгөний хэрэгцээг аймар амархан шийднэ. Бага дүнтэй гэнэтийн мөнгөний хэрэгцээг аймар амархан шийднэ.  Дэлгэрэнгүй Мобайл Банк Үйлчилгээ 2.0 Банк хоорондын гүйлгээгээ хийгээрэй. Банк хоорондын гүйлгээгээ хийгээрэй.  Дэлгэрэнгүй Хасын Хүлэгүүд Лимитед Виза карт Лимитед Виза карт  Дэлгэрэнгүй   1800-1888,75771888 info@xacbank.mn © 2001-2024. ХасБанк Бүтээгдэхүүн Картын бүтээгдэхүүн Зээлийн үйлчилгээ Хадгаламж Хадгаламжийн хайрцаг Цахим банк Интернэт Банк ХасБанк аппликейшн XacИнфо үйлчилгээ Мобайл Банк 2.0 Банкны тухай ХасБанкны тухай Аюулгүй байдал Нээлттэй ажлын байр Тендер, сонгон шалгаруулалт Тусламж Онлайн туслах АТМ, Салбаруудын байршил Тооцоолуур Холбоо барих"
"article_silver-award-winner-of-the-ebrd-sustainability-award-2022","XacBank became Silver Award winner of the EBRD Sustainability Award 2022","XacBank became Silver Award winner of the EBRD Sustainability Award 2022","Амар зээл Бага дүнтэй гэнэтийн мөнгөний хэрэгцээг аймар амархан шийднэ. Бага дүнтэй гэнэтийн мөнгөний хэрэгцээг аймар амархан шийднэ.  Дэлгэрэнгүй Мобайл Банк Үйлчилгээ 2.0 Банк хоорондын гүйлгээгээ хийгээрэй. Банк хоорондын гүйлгээгээ хийгээрэй.  Дэлгэрэнгүй Хасын Хүлэгүүд Лимитед Виза карт Лимитед Виза карт  Дэлгэрэнгүй Driven by triple-bottom-line mission of “People, Planet and Prosperity” XacBank of Mongolia became Silver Award winner of the EBRD Sustainability Award 2022 in the category “Financial Institutions”.  This “Silver” award was won against exceptionally strong competitors from across the EBRD’s countries of operations. XacBank has been EBRD’s partner bank since 2006 and the first participant in the “Mongolian Sustainable Energy Financing Facility” (“MonSEFF”) in 2014 which financed renewable energy and energy efficiency solutions for business. Within the Technical Assistance component of this facility, XacBank benefited from environmental assessment capacity building and provided engineering advisory services in carbon and cost savings feasibility studies from international experts to potential clients. As a result, XacBank disbursed 14 loans under MonSEFF with a total value 6.08 million USD and a total GHG emissions reduction to-date of 244,032 tCO2eq. Overall, as a pioneer financial institution in green financing, since 2013 XacBank has disbursed a total of 315 green business loans amounting to around 45.9 million USD, generating to-date a total GHG emissions reduction of 1.6 million tCO2eq. In addition to that XacBank’s affiliated leasing company “XacLeasing” (now merged into XacBank) was the first Mongolian Financial Institution to participate in MonSEFF’s successor program, EBRD’s “Green Energy Financing Facility Mongolia” (GEFF Mongolia).  The GEFF facility allows XacBank’s clients to invest in high-performance technologies that promote climate change mitigation and adaptation benefits.   1800-1888,75771888 info@xacbank.mn © 2001-2024. ХасБанк Бүтээгдэхүүн Картын бүтээгдэхүүн Зээлийн үйлчилгээ Хадгаламж Хадгаламжийн хайрцаг Цахим банк Интернэт Банк ХасБанк аппликейшн XacИнфо үйлчилгээ Мобайл Банк 2.0 Банкны тухай ХасБанкны тухай Аюулгүй байдал Нээлттэй ажлын байр Тендер, сонгон шалгаруулалт Тусламж Онлайн туслах АТМ, Салбаруудын байршил Тооцоолуур Холбоо барих"
"article_sustainability-report-2023-en","XacBank Sustainability Report 2023","XacBank Sustainability Report 2023","Амар зээл Бага дүнтэй гэнэтийн мөнгөний хэрэгцээг аймар амархан шийднэ. Бага дүнтэй гэнэтийн мөнгөний хэрэгцээг аймар амархан шийднэ.  Дэлгэрэнгүй Мобайл Банк Үйлчилгээ 2.0 Банк хоорондын гүйлгээгээ хийгээрэй. Банк хоорондын гүйлгээгээ хийгээрэй.  Дэлгэрэнгүй Хасын Хүлэгүүд Лимитед Виза карт Лимитед Виза карт  Дэлгэрэнгүй Our annual sustainability report acts as a comprehensive communication tool, detailing XacBank's strategies on various non-financial aspects, significant sustainability initiatives, and impactful achievements in 2023. The report aligns with internationally recognized guidelines endorsed by the Global Reporting Initiative (GRI), Sustainability Accounting Standards Board (SASB) Standards, and Task Force on Climate-related Financial Disclosures (TCFD). XacBank actively gathers data to track the social and environmental impacts of our operations. We embrace in-house environmental protection measures, such as promoting efficient energy, fuel, and water use; reducing paper consumption; and managing our waste. We are also reporting the calculation of our annual Scope 1 and 2, CO2 emissions by XacBank in 2023.  Since our establishment in 2001, XacBank has been actively implementing social and environmental values in its business strategy, operations, credit operations, and products and services, as stipulated in the Shareholders' Agreement. In 2023, we established a governance structure to manage climate change risks and developed a climate risk transition plan aligned with the Paris Agreement, which was approved by our Board of Directors. Moving forward, we will continue to enhance our cooperation with international agencies, partners in the banking and financial sector, and regulatory bodies to foster sustainable development in Mongolia's economy and investment landscape. ClickHEREfor the full detailed report.  1800-1888,75771888 info@xacbank.mn © 2001-2024. ХасБанк Бүтээгдэхүүн Картын бүтээгдэхүүн Зээлийн үйлчилгээ Хадгаламж Хадгаламжийн хайрцаг Цахим банк Интернэт Банк ХасБанк аппликейшн XacИнфо үйлчилгээ Мобайл Банк 2.0 Банкны тухай ХасБанкны тухай Аюулгүй байдал Нээлттэй ажлын байр Тендер, сонгон шалгаруулалт Тусламж Онлайн туслах АТМ, Салбаруудын байршил Тооцоолуур Холбоо барих"
"article_the-sale-of-tenger-insurance-and-tenger-capital","THE SALE OF TENGER INSURANCE AND TENGER CAPITAL","THE SALE OF TENGER INSURANCE AND TENGER CAPITAL","Амар зээл Бага дүнтэй гэнэтийн мөнгөний хэрэгцээг аймар амархан шийднэ. Бага дүнтэй гэнэтийн мөнгөний хэрэгцээг аймар амархан шийднэ.  Дэлгэрэнгүй Мобайл Банк Үйлчилгээ 2.0 Банк хоорондын гүйлгээгээ хийгээрэй. Банк хоорондын гүйлгээгээ хийгээрэй.  Дэлгэрэнгүй Хасын Хүлэгүүд Лимитед Виза карт Лимитед Виза карт  Дэлгэрэнгүй   1800-1888,75771888 info@xacbank.mn © 2001-2024. ХасБанк Бүтээгдэхүүн Картын бүтээгдэхүүн Зээлийн үйлчилгээ Хадгаламж Хадгаламжийн хайрцаг Цахим банк Интернэт Банк ХасБанк аппликейшн XacИнфо үйлчилгээ Мобайл Банк 2.0 Банкны тухай ХасБанкны тухай Аюулгүй байдал Нээлттэй ажлын байр Тендер, сонгон шалгаруулалт Тусламж Онлайн туслах АТМ, Салбаруудын байршил Тооцоолуур Холбоо барих"
"article_xacbank-fmo-loan-en","FMO arranges USD 100 Million syndicated loan to XacBank Mongolia","FMO arranges USD 100 Million syndicated loan to XacBank Mongolia","Амар зээл Бага дүнтэй гэнэтийн мөнгөний хэрэгцээг аймар амархан шийднэ. Бага дүнтэй гэнэтийн мөнгөний хэрэгцээг аймар амархан шийднэ.  Дэлгэрэнгүй Мобайл Банк Үйлчилгээ 2.0 Банк хоорондын гүйлгээгээ хийгээрэй. Банк хоорондын гүйлгээгээ хийгээрэй.  Дэлгэрэнгүй Хасын Хүлэгүүд Лимитед Виза карт Лимитед Виза карт  Дэлгэрэнгүй FMO has arranged a USD 100 million syndicated loan to XacBank, one of Mongolia’s leading universal banks. The five-year tenor of the loan will strengthen XacBank’s long-term funding base and allow the bank to further grow and expand in its focus areas in retail, micro and small and medium enterprises (“MSME’s). XacBank is actively engaging with the MSME sector with a focus on the ‘underbanked’ segment, which matches well with FMO’s strategy to support economic and diversified growth in the country. The funding contributes among others to Sustainable Development Goals (SDGs) SDGs 8: Decent Work and Economic Growth, SDG 10: Reduced Inequalities as well as SDG 17: Partnerships for Goals. Established in 2001, XacBank is Mongolia’s fourth largest bank measured by total assets with a market share of 10%. XacBank has an extensive network of branches throughout Mongolia. The bank originally focused on providing microfinance loans in both rural and urban Mongolia, but over the past decade the bank has moved upmarket and now mainly focuses on MSMEs, Green Finance and retail lending. XacBank has been a client of FMO since 2007 and is an important partner in Mongolia. FMO commits USD 65 million (out of which two of the funds that FMO Investment Management advises on commit USD 9.5 million: the ACTIAM – FMO SME Finance Fund commits USD 4.5 million and the NN-FMO Emerging Markets Loans 1 commits USD 5 million) and in addition mobilizes funding from diverse international financing partners: The OPEC Fund for International Development (OFID) commits USD 25 million and The International Bank for Economic Co-operation (IBEC) commits USD 10 million. Tsevegjav Gumenjav, CEO of XacBankcommented to the occasion:  “XacBank has a strong focus on MSMEs, Green Finance and retail customers as a part of its mission to create sustainable growth in the banking and financial sector of Mongolia. As we expect Mongolian economic growth to slightly decrease from 6.9% to 6.3% and despite facing challenging macroeconomic conditions in 2020, USD 100 million syndication loan to XacBank shows FMO’s high confidence and commitment to Mongolia and XacBank. Also, I would like to extend my appreciation to FMO, OFID and IBEC for fully supporting us on this transaction.”   Linda Broekhuizen, Chief Investment Officer of FMO commented:  “The financing signals FMO’s long-term commitment to the Mongolian market and we are proud to collaborate in this large syndicate with our international financing partners OFID and IBEC. XacBank fulfils an essential role in providing finance to the underserved Micro and SME segments in Mongolia contributing significantly to job creation as well as diversification of the Mongolian economy.”      About XacBank XacBank provides integrated banking and financial solutions to consumer and MSMEs throughout its 80 nation-wide branches. In 2017-2019, XacBank successfully signed a loan agreement with international financial organizations and investors to support SMEs access to fund and as a result of it, loan portfolio of the bank increased from MNT 1.4 trillion to MNT 2.0 trillion. About 60% of the loan was purely granted to micro and SMEs to expand their business operation and support new job creation. As of today, XacBank serves approximately 800,000 customers. For more information about XacBank, please visit their website:www.xacbank.mn  About FMO FMO is the Dutch entrepreneurial development bank. As a leading impact investor, FMO supports sustainable private sector growth in developing countries and emerging markets by investing in ambitious projects and entrepreneurs. FMO believes that a strong private sector leads to economic and social development and has a close to 50-year proven track-record of empowering people to employ their skills and improve their quality of life. FMO focuses on three sectors that have high development impact: financial institutions, energy, and agribusiness, food & water. With a committed portfolio of EUR 9.7 billion spanning over 85 countries, FMO is one of the larger bilateral private sector developments banks globally. For more information: please visitwww.fmo.nl  1800-1888,75771888 info@xacbank.mn © 2001-2024. ХасБанк Бүтээгдэхүүн Картын бүтээгдэхүүн Зээлийн үйлчилгээ Хадгаламж Хадгаламжийн хайрцаг Цахим банк Интернэт Банк ХасБанк аппликейшн XacИнфо үйлчилгээ Мобайл Банк 2.0 Банкны тухай ХасБанкны тухай Аюулгүй байдал Нээлттэй ажлын байр Тендер, сонгон шалгаруулалт Тусламж Онлайн туслах АТМ, Салбаруудын байршил Тооцоолуур Холбоо барих"
